coinspot bid,coinspot ask,coinspot sell,btcmarkets bid,btcmarkets ask,btcmarkets sell,btcmarkets_vol,independent bid,independent ask,independent sell,alternative ask,bid_diff,ask_diff,sell_diff
32848.54000036,33067.77999995,32950.0,32890.32,32963.2,32879.82,162.16896636,33045.0,32985.01,32990.01,,-41.779999639999005,104.57999995000137,70.18000000000029
2282.92321487,2309.61334077,2290.77666667,2285.23,2292.55,2276.81,2035.02888879,33045.0,32985.01,32990.01,,-2.3067851300002076,17.06334076999974,13.966666669999995
